symbol,name,asset_class,category,risk_level,expense_ratio_pct,sec_yield_pct,return_ytd_pct,return_1y_pct,return_5y_pct,return_10y_pct,return_since_inception_pct,inception_date,price_usd,price_change_usd,price_change_pct
VTI,Morningstar Total Stock Market ETF,Stock,Large-Cap Blend,4,0.03,1.01,12.92,20.23,11.71,14.81,9.51,5/24/2001,376.31,3.16,0.85
VXF,Extended Market ETF,Stock,Mid-Cap Blend,5,0.05,0.99,14.32,18.63,6.16,11.72,10.12,12/27/2001,237.77,1.76,0.75
VUG,Morningstar Growth ETF,Stock,Large-Cap Growth,4,0.03,0.35,8.5,15.94,12.15,17.76,12.09,1/26/2004,88.02,0.79,0.91
VTV,Morningstar Value ETF,Stock,Large-Cap Value,4,0.03,1.79,18.51,25.29,12.32,12.63,9.65,1/26/2004,224.02,1.71,0.77
VO,Morningstar Mid-Cap ETF,Stock,Mid-Cap Blend,5,0.03,1.38,12.46,14.86,7.43,11.46,10.22,1/26/2004,81.03,0.64,0.8
VCR,Consumer Discretionary ETF,Stock,Sector,5,0.09,0.76,-3.11,2.19,4.98,13.25,10.78,1/26/2004,380.1,3.75,1
VDC,Consumer Staples ETF,Stock,Sector,5,0.09,2.17,7.77,7.08,6.63,7.72,9.36,1/26/2004,225.16,1.14,0.51
VFH,Financials ETF,Stock,Sector,5,0.09,1.52,5.65,8.74,10.51,13.07,6.87,1/26/2004,139.66,0.77,0.55
VHT,Health Care ETF,Stock,Sector,5,0.09,1.24,8.72,27.61,5.59,10.78,10.04,1/26/2004,310.87,-0.31,-0.1
VGT,Information Technology ETF,Stock,Sector,5,0.09,0.33,28.78,38.91,18.5,24.49,14.87,1/26/2004,121.11,1.49,1.25
VAW,Materials ETF,Stock,Sector,5,0.09,1.29,10.85,15.14,6.63,10.09,9.19,1/26/2004,228.54,0.92,0.4
VPU,Utilities ETF,Stock,Sector,5,0.09,2.86,0.31,2.83,7.35,8.8,9.44,1/26/2004,183.21,-0.75,-0.41
VB,Morningstar Small-Cap ETF,Stock,Small-Cap Blend,5,0.03,1.28,14.54,20.08,7.31,10.99,9.73,1/26/2004,293.45,2.41,0.83
VBK,Morningstar Small-Cap Growth ETF,Stock,Small-Cap Growth,5,0.05,0.37,13.02,20.1,4.33,11.01,9.63,1/26/2004,340.78,2.94,0.87
VBR,Morningstar Small-Cap Value ETF,Stock,Small-Cap Value,5,0.05,1.9,15.49,19.81,9.36,10.52,9.48,1/26/2004,242.14,1.93,0.8
VV,Morningstar Large-Cap ETF,Stock,Large-Cap Blend,4,0.03,0.96,12.63,19.89,12.36,15.35,11.01,1/27/2004,352.41,2.99,0.86
VOX,Communication Services ETF,Stock,Sector,5,0.09,0.94,-0.93,4.61,5.56,8.61,8.65,9/23/2004,190.89,2.14,1.13
VDE,Energy ETF,Stock,Sector,5,0.09,1.75,47.64,46.09,25.84,10.36,8.74,9/23/2004,183.5,0.53,0.29
VIS,Industrials ETF,Stock,Sector,5,0.09,0.93,11.5,16.4,12.46,13.32,10.88,9/23/2004,331.14,3.9,1.19
VNQ,Real Estate ETF,Stock,Sector,4,0.13,,9.24,8.61,1.48,4.87,7.59,9/23/2004,94.81,0.71,0.75
VWO,FTSE Emerging Markets ETF,International,,5,0.06,,12.39,20.49,6.25,8,6.9,3/4/2005,60.36,0.17,0.28
VGK,FTSE Europe ETF,International,,5,0.06,,9.66,20.36,9.18,9.96,6.5,3/4/2005,89.92,0.59,0.66
VPL,FTSE Pacific ETF,International,,5,0.07,,30.64,38.8,10.43,10.01,6.76,3/4/2005,117.77,1.66,1.43
VIG,Dividend Appreciation ETF,Stock,Large-Cap Blend,4,0.04,1.43,9.84,16.64,10.33,13.13,10.21,4/21/2006,239.46,1.72,0.72
VOT,Morningstar Mid-Cap Growth ETF,Stock,Mid-Cap Growth,5,0.05,0.59,6.03,5.14,4.73,11.8,9.95,8/17/2006,295.04,2.41,0.82
VOE,Morningstar Mid-Cap Value ETF,Stock,Mid-Cap Value,5,0.05,1.92,16.98,21.98,9.64,10.69,9.5,8/17/2006,205.45,1.58,0.78
VYM,High Dividend Yield ETF,Stock,Large-Cap Value,4,0.04,2.2,14.9,20.68,12,11.78,9.44,11/10/2006,162.97,1.18,0.73
VEU,FTSE All-World ex-US ETF,International,,5,0.04,,16.51,26.43,9.44,9.79,5.67,3/2/2007,85.15,0.69,0.82
BIV,Intermediate-Term Bond ETF,Bond,Inter-term Investment,2,0.03,5.04,-2.13,1.03,-0.19,1.69,3.76,4/3/2007,74.04,-0.13,-0.18
BND,Total Bond Market ETF,Bond,Inter-term Investment,2,0.03,4.75,-1.24,1.83,-0.31,1.38,3,4/3/2007,71.19,-0.08,-0.11
BLV,Long-Term Bond ETF,Bond,Long-term Investment,3,0.03,5.72,-3.67,0.7,-4.89,0.13,4.01,4/3/2007,64.84,0.01,0.02
BSV,Short-Term Bond ETF,Bond,Short-term Investment,1,0.03,4.5,0.02,2.12,1.68,1.94,2.51,4/3/2007,76.73,-0.09,-0.12
VEA,FTSE Developed Markets ETF,International,,5,0.03,,17.17,27.79,10.19,10.24,5.1,7/20/2007,72.7,0.67,0.93
EDV,Extended Duration Treasury ETF,Bond,Long-term Government,5,0.05,5.56,-6.88,-2.07,-12.4,-4.52,2.29,12/6/2007,58.66,0.24,0.41
MGC,Morningstar Mega Cap ETF,Stock,Large-Cap Blend,4,0.05,0.85,12.59,20.96,13.32,16.1,11.76,12/17/2007,281.28,2.42,0.87
MGK,Morningstar Mega Cap Growth ETF,Stock,Large-Cap Growth,4,0.05,0.29,9.1,17.5,13.14,18.72,13.75,12/17/2007,89.92,0.82,0.92
MGV,Morningstar Mega Cap Value ETF,Stock,Large-Cap Value,4,0.05,1.72,19,26.31,12.9,12.96,9.52,12/17/2007,166.3,1.24,0.75
VT,Total World Stock ETF,International,,4,0.06,,14.06,22.12,10.74,12.57,8.91,6/24/2008,159.81,1.3,0.82
VSS,FTSE All-World ex-US Small-Cap ETF,International,,5,0.06,,11.23,18.1,5.9,8.17,9.64,4/2/2009,158.51,0.45,0.28
VGIT,Intermediate-Term Treasury ETF,Bond,Inter-term Government,2,0.03,4.54,-1.81,0.65,-0.17,1.14,2.14,11/19/2009,57.31,-0.11,-0.19
VMBS,Mortgage-Backed Securities ETF,Bond,Inter-term Government,2,0.03,4.33,-1,3.16,0.37,1.26,2.06,11/19/2009,45.24,-0.08,-0.18
VCIT,Intermediate-Term Corporate Bond ETF,Bond,Inter-term Investment,2,0.03,5.54,-1.84,1.95,0.74,2.62,4.2,11/19/2009,79.66,-0.12,-0.15
VGLT,Long-Term Treasury ETF,Bond,Long-term Government,3,0.03,5.29,-4.07,0.09,-6.88,-1.8,2.32,11/19/2009,51.87,0.01,0.02
VCLT,Long-Term Corporate Bond ETF,Bond,Long-term Investment,3,0.03,6.24,-3.34,0.92,-3.27,1.46,4.39,11/19/2009,70.69,0.03,0.04
VGSH,Short-Term Treasury ETF,Bond,Short-term Government,1,0.03,4.3,0.67,2.43,1.92,1.77,1.41,11/19/2009,57.66,-0.06,-0.1
VCSH,Short-Term Corporate Bond ETF,Bond,Short-term Investment,1,0.03,4.92,0.41,2.76,2.37,2.64,2.9,11/19/2009,77.72,-0.09,-0.12
VOO,S&P 500 ETF,Stock,Large-Cap Blend,4,0.03,0.98,12.72,20.26,12.75,15.33,15.04,9/7/2010,702.62,6.02,0.86
VOOG,S&P 500 Growth ETF,Stock,Large-Cap Growth,4,0.07,0.41,13.3,22.25,13.02,17.68,16.89,9/7/2010,83.75,0.68,0.82
VOOV,S&P 500 Value ETF,Stock,Large-Cap Value,4,0.07,1.62,11.89,18.07,11.55,11.88,12.37,9/7/2010,227.26,2.05,0.91
IVOO,S&P Mid-Cap 400 ETF,Stock,Mid-Cap Blend,5,0.07,1.17,13.37,17.13,8.01,10.78,12.16,9/7/2010,126,1.06,0.85
IVOG,S&P Mid-Cap 400 Growth ETF,Stock,Mid-Cap Growth,5,0.1,0.57,15.57,19.97,7.41,10.87,12.32,9/7/2010,138.89,1.26,0.92
IVOV,S&P Mid-Cap 400 Value ETF,Stock,Mid-Cap Value,5,0.1,1.74,11.13,14.49,8.43,10.28,11.68,9/7/2010,112.25,0.86,0.77
VIOO,S&P Small-Cap 600 ETF,Stock,Small-Cap Blend,5,0.07,1.43,18.79,23.98,6.84,10.49,12.41,9/7/2010,131.84,0.73,0.56
VIOG,S&P Small-Cap 600 Growth ETF,Stock,Small-Cap Growth,5,0.1,0.82,18.48,21.54,5.72,10.6,12.72,9/7/2010,143.16,0.74,0.52
VIOV,S&P Small-Cap 600 Value ETF,Stock,Small-Cap Value,5,0.1,1.94,19.18,26.76,7.73,10.03,11.86,9/7/2010,115.63,0.67,0.58
VONE,Russell 1000 ETF,Stock,Large-Cap Blend,4,0.06,0.96,12.46,19.69,12.04,15.05,14.52,9/20/2010,345.68,2.99,0.87
VTHR,Russell 3000 ETF,Stock,Large-Cap Blend,4,0.06,0.97,12.87,20.07,11.71,14.73,14.28,9/20/2010,337.06,2.87,0.86
VONG,Russell 1000 Growth ETF,Stock,Large-Cap Growth,4,0.06,0.37,3.67,10.76,11.82,17.86,16.56,9/20/2010,125.9,1.05,0.84
VONV,Russell 1000 Value ETF,Stock,Large-Cap Value,4,0.06,1.47,22.45,29.67,11.77,11.68,12.1,9/20/2010,112.08,1,0.9
VTWO,Russell 2000 ETF,Stock,Small-Cap Blend,5,0.06,1.12,17.93,26.5,6.9,10.61,11.28,9/20/2010,116.82,0.53,0.46
VTWG,Russell 2000 Growth ETF,Stock,Small-Cap Growth,5,0.06,0.41,14.06,23.35,5.08,10.7,11.61,9/20/2010,268.4,1.38,0.52
VTWV,Russell 2000 Value ETF,Stock,Small-Cap Value,5,0.06,1.86,22.14,30.13,8.51,10.04,10.56,9/20/2010,193.96,0.76,0.39
VNQI,Global ex-U.S. Real Estate ETF,International,,5,0.12,,-3.84,-0.5,-1.52,1.92,3.26,11/1/2010,44.2,-0.01,-0.02
VXUS,Total International Stock ETF,International,,5,0.05,,16.15,25.89,9.17,9.65,6.75,1/26/2011,86.98,0.66,0.76
VTIP,Short-Term Inflation-Protected Securities ETF,Bond,Short-term Government,1,0.03,2.21,1.5,2.13,3.06,3.11,2.21,10/12/2012,49.48,-0.14,-0.28
VWOB,Emerging Markets Government Bond ETF,International,,3,0.15,6.17,0.05,5.46,1.64,2.95,3.52,5/31/2013,64.91,-0.08,-0.12
BNDX,Total International Bond ETF,International,,2,0.07,3.77,-0.92,0.83,-0.03,1.41,2.32,5/31/2013,46.95,0,0
VTEB,Tax-Exempt Bond ETF,Bond,Inter-term National Muni,2,0.03,3.85,-1.49,4.14,0.55,1.81,2.24,8/21/2015,48.39,0.09,0.19
VIGI,International Dividend Appreciation ETF,International,,5,0.07,,7.37,12.37,4.75,8.29,9.15,2/25/2016,96.85,0.66,0.69
VYMI,International High Dividend Yield ETF,International,,5,0.07,,19.75,30.06,14.14,10.99,11.77,2/25/2016,105.46,0.72,0.69
VTC,Total Corporate Bond ETF,Bond,Inter-term Investment,2,0.03,5.44,-1.43,1.89,-0.17,,2.22,11/7/2017,74.05,-0.06,-0.08
VFMV,U.S. Minimum Volatility ETF,Stock,Domestic Stock - General,4,0.13,1.48,11.38,13.09,9.22,,10.22,2/13/2018,144.16,1.26,0.88
VFMO,U.S. Momentum Factor ETF,Stock,Domestic Stock - General,5,0.13,0.6,19.95,26.2,12.41,,14.91,2/13/2018,228.83,2.31,1.02
VFMF,U.S. Multifactor ETF,Stock,Domestic Stock - General,4,0.18,1.43,24.15,32.77,14.59,,13.1,2/13/2018,185.29,1.52,0.83
VFQY,U.S. Quality Factor ETF,Stock,Domestic Stock - General,5,0.13,0.9,13.5,18.86,9.01,,12.02,2/13/2018,173.15,1.33,0.77
VFVA,U.S. Value Factor ETF,Stock,Domestic Stock - General,5,0.13,1.81,21.46,28.57,12.52,,11.84,2/13/2018,159.62,1.1,0.69
BNDW,Total World Bond ETF,International,,2,0.05,4.34,-1.07,1.35,-0.16,,1.73,9/4/2018,66.46,0,0
ESGV,ESG U.S. Stock ETF,Stock,Large-Cap Blend,4,0.09,0.83,12.39,19.97,11.31,,14.75,9/18/2018,135.31,1.14,0.85
VSGX,ESG International Stock ETF,International,,5,0.1,,17.36,27.53,8.46,,9.42,9/18/2018,82.89,0.68,0.83
VCEB,ESG U.S. Corporate Bond ETF,Bond,Inter-term Investment,2,0.12,5.37,-1.81,1.4,-0.14,,0.09,9/22/2020,60.52,-0.05,-0.08
VUSB,Ultra-Short Bond ETF,Bond,Short-term Investment,1,0.1,4.48,2.24,3.98,3.59,,3.39,4/5/2021,49.53,-0.01,-0.02
VTES,Short-Term Tax-Exempt Bond ETF,Bond,Short-term National Muni,2,0.05,2.84,0.06,1.79,,,2.95,3/7/2023,99.7,0.07,0.07
VPLS,Core-Plus Bond ETF,Bond,Inter-term Investment,2,0.2,4.97,-0.75,2.58,,,5.21,12/6/2023,75.13,-0.09,-0.12
VCRB,Core Bond ETF,Bond,Inter-term Investment,2,0.1,4.93,-1.06,2.14,,,4.78,12/12/2023,74.75,-0.09,-0.12
VTEI,Intermediate-Term Tax-Exempt Bond ETF,Bond,Inter-term National Muni,2,0.08,3.44,-1.75,3.11,,,2.45,1/26/2024,97.14,0.13,0.13
VTEC,California Tax-Exempt Bond ETF,Bond,Inter-term State Muni,2,0.06,3.54,-1.85,3.75,,,2.19,1/26/2024,96.29,0.16,0.17
VCRM,Core Tax-Exempt Bond ETF,Bond,Inter-term National Muni,2,0.12,4.17,-0.55,5.4,,,3.18,11/19/2024,73.28,0.15,0.21
VSDM,Short Duration Tax-Exempt Bond ETF,Bond,Short-term National Muni,2,0.12,3.45,0.65,2.96,,,3.87,11/19/2024,75.36,0.06,0.08
VBIL,0-3 Month Treasury Bill ETF,Bond,Short-term Investment,1,0.06,3.63,2.54,3.79,,,3.95,2/7/2025,75.58,0.02,0.03
VGUS,Ultra-Short Treasury ETF,Bond,Short-term Investment,1,0.07,3.76,2.42,3.73,,,3.94,2/7/2025,75.5,0,0
VSDB,Short Duration Bond ETF,Bond,Short-term Investment,1,0.15,4.94,0.94,3.33,,,4.87,4/1/2025,75.08,-0.08,-0.11
MUNY,New York Tax-Exempt Bond ETF,Bond,Inter-term State Muni,2,0.09,3.75,-1.66,3.84,,,3.84,5/20/2025,99.28,0.19,0.19
VTEL,Long-Term Tax-Exempt Bond ETF,Bond,Long-term National Muni,3,0.09,4.34,-2.33,5.37,,,4.42,5/20/2025,98.63,0.24,0.24
VGMS,Multi-Sector Income Bond ETF,Bond,Inter-term Low Quality,3,0.3,5.68,1.02,4.33,,,6.67,6/9/2025,50.23,-0.02,-0.04
VGVT,Government Securities Active ETF,Bond,Inter-term Government,2,0.1,4.25,-1.16,1.9,,,3.08,7/7/2025,73.03,-0.11,-0.15
VTP,Total Inflation-Protected Securities ETF,Bond,Inter-term Government,2,0.05,2.22,-0.39,0.96,,,2.72,7/7/2025,74.4,-0.29,-0.39
VTG,Total Treasury ETF,Bond,Inter-term Government,2,0.03,4.61,-1.44,1.21,,,2.37,7/7/2025,73.16,-0.08,-0.11
VGHY,High-Yield Active ETF,Bond,Inter-term Low Quality,3,0.22,6.53,1.53,,,,4.72,9/16/2025,73.6,0.04,0.05
VEXC,Emerging Markets ex-China ETF,International,,5,0.07,,23.58,,,,30.42,9/30/2025,97.18,0.41,0.42
VDIG,Wellington Dividend Growth Active ETF,Stock,Large-Cap Blend,4,0.4,1.01,1.9,,,,6.37,11/14/2025,62.51,0.51,0.82
VUSG,Wellington U.S. Growth Active ETF,Stock,Large-Cap Growth,4,0.35,-0.01,7.17,,,,8.85,11/14/2025,65.18,0.58,0.9
VUSV,Wellington U.S. Value Active ETF,Stock,Large-Cap Value,5,0.3,1.12,12.58,,,,20.13,11/14/2025,70.55,0.43,0.61
BNDP,Core-Plus Bond Index ETF,Bond,Inter-term Investment,2,0.05,5.03,-1.18,,,,0.4,12/2/2025,72.02,-0.08,-0.11
VBCD,Target Maturity 2030 Corporate Bond ETF,Bond,Inter-term Investment,2,0.08,4.99,,,,,0.95,3/24/2026,73.87,-0.09,-0.12
VBCE,Target Maturity 2031 Corporate Bond ETF,Bond,Inter-term Investment,2,0.08,5.14,,,,,0.75,3/24/2026,73.56,-0.11,-0.15
VBCF,Target Maturity 2032 Corporate Bond ETF,Bond,Inter-term Investment,2,0.08,5.24,,,,,0.73,3/24/2026,73.22,-0.13,-0.18
VBCG,Target Maturity 2033 Corporate Bond ETF,Bond,Inter-term Investment,2,0.08,5.4,,,,,0.54,3/24/2026,72.94,-0.1,-0.14
VBCH,Target Maturity 2034 Corporate Bond ETF,Bond,Inter-term Investment,2,0.08,5.54,,,,,0.63,3/24/2026,72.83,-0.12,-0.16
VBCI,Target Maturity 2035 Corporate Bond ETF,Bond,Long-term Investment,2,0.08,5.61,,,,,0.35,3/24/2026,72.53,-0.11,-0.15
VBCJ,Target Maturity 2036 Corporate Bond ETF,Bond,Long-term Investment,2,0.08,5.71,,,,,0.09,3/24/2026,72.3,-0.11,-0.15
VBCA,Target Maturity 2027 Corporate Bond ETF,Bond,Short-term Investment,2,0.08,4.34,,,,,1.97,3/24/2026,75.33,-0.01,-0.01
VBCB,Target Maturity 2028 Corporate Bond ETF,Bond,Short-term Investment,2,0.08,4.65,,,,,1.71,3/24/2026,74.98,-0.06,-0.08
VBCC,Target Maturity 2029 Corporate Bond ETF,Bond,Short-term Investment,2,0.08,4.85,,,,,1.43,3/24/2026,74.37,-0.1,-0.13
VDG,Developed Markets ex-US Growth Index ETF,International,,5,0.08,,,,,,9.46,4/14/2026,80.96,0.87,1.09
VDV,Developed Markets ex-US Value Index ETF,International,,5,0.08,,,,,,6.39,4/14/2026,79.23,0.74,0.94
VCHY,U.S. High-Yield Corporate Bond Index ETF,Bond,Inter-term Low Quality,3,0.05,7.15,,,,,1.26,6/2/2026,74.14,0.02,0.03
